{"precision": 95.93771748986238, "recall": 95.95209055008695, "f1score": 95.92638990168354, "perfect_match_with_cpd": 88.20960698689956, "position_with_cpd": 2.7947598253275108, "position_counter_with_cpd": {"1": 121, "0": 27, "2": 24, "3": 21, "4": 6, "5": 6, "7": 6, "6": 4, "11": 2, "9": 2, "8": 2, "12": 1, "22": 1, "10": 1, "20": 1, "47": 1, "90": 1, "15": 1, "16": 1}, "perfect_match_without_cpd": 90.82969432314411, "position_without_cpd": 2.7205240174672487, "position_counter_without_cpd": {"1": 143, "0": 21, "2": 17, "3": 15, "5": 7, "4": 6, "6": 3, "7": 3, "9": 2, "8": 2, "12": 1, "22": 1, "10": 1, "20": 1, "47": 1, "90": 1, "11": 1, "15": 1, "26": 1, "16": 1}}