{"precision": 97.37102504071147, "recall": 96.77886488383429, "f1score": 97.05868496687631, "perfect_match_with_cpd": 97.23435225618631, "position_with_cpd": 2.7627365356622997, "position_counter_with_cpd": {"1": 404, "2": 105, "3": 47, "4": 20, "0": 19, "5": 18, "6": 14, "9": 12, "7": 9, "8": 5, "13": 4, "12": 4, "11": 4, "10": 3, "14": 3, "17": 3, "15": 2, "25": 2, "72": 1, "16": 1, "74": 1, "23": 1, "37": 1, "42": 1, "21": 1, "28": 1, "18": 1}, "perfect_match_without_cpd": 97.67103347889375, "position_without_cpd": 1.9272197962154294, "position_counter_without_cpd": {"1": 490, "2": 67, "3": 31, "5": 24, "4": 18, "0": 16, "6": 9, "9": 9, "7": 6, "12": 3, "13": 3, "8": 3, "17": 2, "25": 1, "16": 1, "28": 1, "15": 1, "10": 1, "11": 1}}