{"precision": 93.3480493972521, "recall": 94.4326795595931, "f1score": 93.81227170395692, "perfect_match_with_cpd": 41.397590361445786, "position_with_cpd": 0.6583132530120482, "position_counter_with_cpd": {"0": 2432, "1": 1323, "2": 257, "3": 43, "4": 35, "5": 16, "6": 13, "8": 6, "7": 5, "12": 4, "23": 2, "17": 2, "9": 2, "19": 1, "10": 1, "28": 1, "31": 1, "42": 1, "38": 1, "13": 1, "26": 1, "11": 1, "21": 1}, "perfect_match_without_cpd": 83.54216867469879, "position_without_cpd": 1.056867469879518, "position_counter_without_cpd": {"1": 3134, "0": 683, "2": 171, "3": 69, "4": 30, "5": 19, "6": 11, "7": 7, "8": 6, "9": 3, "12": 3, "11": 3, "16": 2, "15": 2, "14": 1, "21": 1, "17": 1, "10": 1, "19": 1, "58": 1, "28": 1}}