{"precision": 85.27551527600605, "recall": 87.82765000265192, "f1score": 86.30907772955977, "perfect_match_with_cpd": 27.785044691519513, "position_with_cpd": 0.5079027686941356, "position_counter_with_cpd": {"0": 13250, "1": 3683, "2": 745, "3": 268, "4": 135, "5": 60, "6": 46, "7": 32, "9": 21, "8": 19, "11": 15, "10": 9, "14": 7, "13": 7, "18": 6, "15": 5, "17": 5, "19": 5, "16": 3, "25": 3, "12": 3, "33": 2, "20": 2, "31": 2, "39": 2, "36": 1, "23": 1, "32": 1, "29": 1, "41": 1, "48": 1, "30": 1, "40": 1, "35": 1, "27": 1, "45": 1, "21": 1, "42": 1}, "perfect_match_without_cpd": 54.965118814039684, "position_without_cpd": 0.7030739045127534, "position_counter_without_cpd": {"1": 8791, "0": 8263, "2": 814, "3": 233, "4": 86, "5": 52, "6": 29, "7": 24, "8": 11, "9": 8, "12": 6, "17": 5, "11": 4, "13": 3, "15": 3, "18": 2, "14": 2, "41": 2, "22": 2, "10": 2, "20": 1, "37": 1, "24": 1, "35": 1, "25": 1, "40": 1}}