{"precision": 91.94974103862305, "recall": 93.52168155242573, "f1score": 92.64905169024016, "perfect_match_with_cpd": 19.463087248322147, "position_with_cpd": 0.4865771812080537, "position_counter_with_cpd": {"0": 480, "1": 68, "2": 18, "3": 11, "7": 4, "4": 2, "12": 2, "11": 2, "6": 2, "8": 2, "5": 2, "9": 1, "10": 1, "14": 1}, "perfect_match_without_cpd": 81.04026845637584, "position_without_cpd": 1.058724832214765, "position_counter_without_cpd": {"1": 410, "0": 113, "2": 40, "3": 19, "4": 5, "8": 3, "5": 2, "7": 2, "10": 1, "6": 1}}