{"precision": 95.69302502406263, "recall": 94.87148335280743, "f1score": 95.26316526346137, "perfect_match_with_cpd": 96.50655021834062, "position_with_cpd": 4.10334788937409, "position_counter_with_cpd": {"1": 337, "2": 107, "3": 61, "4": 34, "0": 24, "5": 19, "6": 11, "7": 10, "8": 9, "11": 8, "10": 7, "9": 6, "13": 4, "15": 4, "22": 4, "18": 4, "29": 3, "16": 3, "14": 3, "12": 3, "19": 3, "33": 2, "27": 2, "17": 2, "23": 2, "48": 1, "28": 1, "61": 1, "76": 1, "31": 1, "25": 1, "32": 1, "57": 1, "54": 1, "44": 1, "26": 1, "63": 1, "53": 1, "20": 1, "74": 1}, "perfect_match_without_cpd": 96.94323144104804, "position_without_cpd": 3.339155749636099, "position_counter_without_cpd": {"1": 414, "2": 75, "3": 48, "4": 27, "0": 21, "5": 15, "7": 12, "11": 9, "6": 8, "9": 7, "10": 5, "8": 5, "22": 4, "16": 4, "13": 3, "19": 3, "15": 3, "29": 2, "18": 2, "14": 2, "17": 2, "23": 2, "20": 2, "48": 1, "28": 1, "61": 1, "76": 1, "25": 1, "33": 1, "12": 1, "27": 1, "57": 1, "54": 1, "26": 1, "37": 1}}