{"precision": 91.63452578356043, "recall": 92.90657976809321, "f1score": 92.19294985673892, "perfect_match_with_cpd": 19.765494137353436, "position_with_cpd": 0.6314907872696818, "position_counter_with_cpd": {"0": 479, "1": 65, "2": 25, "4": 7, "3": 5, "5": 3, "8": 3, "6": 2, "9": 2, "31": 1, "68": 1, "11": 1, "17": 1, "7": 1, "16": 1}, "perfect_match_without_cpd": 81.23953098827471, "position_without_cpd": 1.3165829145728642, "position_counter_without_cpd": {"1": 400, "0": 112, "2": 33, "3": 21, "4": 9, "9": 6, "7": 4, "5": 2, "11": 2, "6": 2, "27": 1, "16": 1, "19": 1, "15": 1, "10": 1, "8": 1}}