{"precision": 92.55660151896606, "recall": 93.12848262848263, "f1score": 92.78956350936518, "perfect_match_with_cpd": 65.0, "position_with_cpd": 1.05, "position_counter_with_cpd": {"1": 35, "0": 28, "2": 9, "3": 5, "4": 2, "8": 1}, "perfect_match_without_cpd": 68.75, "position_without_cpd": 1.1125, "position_counter_without_cpd": {"1": 40, "0": 25, "2": 7, "3": 4, "4": 2, "8": 1, "7": 1}}