{"precision": 85.9280793219849, "recall": 88.58259117748457, "f1score": 87.01593000964239, "perfect_match_with_cpd": 27.79288589143914, "position_with_cpd": 0.5085934950505819, "position_counter_with_cpd": {"0": 13276, "1": 3801, "2": 681, "3": 247, "4": 134, "5": 58, "6": 35, "7": 28, "8": 24, "9": 13, "10": 10, "12": 10, "11": 8, "16": 8, "14": 6, "18": 5, "13": 5, "20": 4, "17": 3, "19": 3, "15": 2, "26": 2, "45": 2, "23": 2, "21": 2, "38": 1, "55": 1, "28": 1, "49": 1, "35": 1, "27": 1, "60": 1, "29": 1, "34": 1, "31": 1, "44": 1, "47": 1, "22": 1, "32": 1, "93": 1, "77": 1, "82": 1}, "perfect_match_without_cpd": 54.933101272707496, "position_without_cpd": 0.6611552268030023, "position_counter_without_cpd": {"1": 9130, "0": 8286, "2": 617, "3": 175, "4": 60, "5": 42, "6": 20, "7": 17, "8": 7, "9": 6, "11": 4, "14": 3, "17": 2, "20": 2, "12": 2, "16": 2, "10": 2, "13": 1, "18": 1, "38": 1, "25": 1, "15": 1, "40": 1, "19": 1, "23": 1, "41": 1}}