{"precision": 96.82312537869399, "recall": 97.22934617465867, "f1score": 97.00403187137957, "perfect_match_with_cpd": 88.39285714285714, "position_with_cpd": 1.7455357142857142, "position_counter_with_cpd": {"1": 143, "0": 26, "2": 25, "4": 7, "3": 6, "9": 3, "5": 3, "10": 2, "11": 2, "7": 2, "6": 2, "20": 1, "8": 1, "14": 1}, "perfect_match_without_cpd": 91.07142857142857, "position_without_cpd": 1.34375, "position_counter_without_cpd": {"1": 168, "0": 20, "2": 19, "3": 6, "4": 5, "6": 2, "8": 1, "9": 1, "18": 1, "10": 1}}