{"precision": 96.52341073032056, "recall": 96.7615421439593, "f1score": 96.62194253796058, "perfect_match_with_cpd": 88.64628820960698, "position_with_cpd": 1.9868995633187774, "position_counter_with_cpd": {"1": 143, "0": 26, "2": 20, "3": 14, "4": 10, "9": 5, "10": 3, "5": 2, "48": 1, "13": 1, "6": 1, "7": 1, "17": 1, "14": 1}, "perfect_match_without_cpd": 91.26637554585153, "position_without_cpd": 1.7685589519650655, "position_counter_without_cpd": {"1": 164, "0": 20, "2": 15, "3": 13, "4": 6, "10": 2, "9": 2, "48": 1, "5": 1, "13": 1, "6": 1, "7": 1, "17": 1, "14": 1}}