{"precision": 95.40725862994772, "recall": 95.62235278726877, "f1score": 95.5032892255639, "perfect_match_with_cpd": 88.09523809523809, "position_with_cpd": 2.9285714285714284, "position_counter_with_cpd": {"1": 110, "2": 27, "0": 25, "3": 17, "5": 6, "7": 6, "4": 4, "12": 2, "6": 2, "9": 2, "10": 2, "44": 1, "18": 1, "8": 1, "16": 1, "47": 1, "84": 1, "21": 1}, "perfect_match_without_cpd": 89.52380952380953, "position_without_cpd": 2.8523809523809525, "position_counter_without_cpd": {"1": 130, "0": 22, "2": 16, "3": 12, "5": 7, "4": 5, "7": 3, "6": 2, "9": 2, "10": 2, "12": 1, "44": 1, "18": 1, "8": 1, "16": 1, "47": 1, "84": 1, "21": 1, "25": 1}}