{"precision": 98.09599028202386, "recall": 97.58960438099567, "f1score": 97.82831606289108, "perfect_match_with_cpd": 96.67673716012085, "position_with_cpd": 2.0, "position_counter_with_cpd": {"1": 454, "2": 81, "3": 37, "0": 22, "4": 16, "5": 15, "6": 10, "7": 5, "10": 3, "11": 2, "19": 2, "9": 2, "15": 2, "21": 2, "17": 1, "27": 1, "46": 1, "16": 1, "13": 1, "14": 1, "8": 1, "30": 1, "12": 1}, "perfect_match_without_cpd": 97.43202416918429, "position_without_cpd": 1.5845921450151057, "position_counter_without_cpd": {"1": 519, "2": 56, "3": 21, "0": 17, "4": 15, "5": 13, "6": 4, "7": 4, "11": 3, "9": 2, "10": 2, "19": 1, "16": 1, "13": 1, "8": 1, "30": 1, "21": 1}}