{"precision": 91.65185006289741, "recall": 91.88164666912873, "f1score": 91.70652608987545, "perfect_match_with_cpd": 63.41463414634146, "position_with_cpd": 1.3048780487804879, "position_counter_with_cpd": {"1": 35, "0": 30, "2": 9, "7": 2, "3": 1, "4": 1, "13": 1, "5": 1, "6": 1, "9": 1}, "perfect_match_without_cpd": 67.07317073170732, "position_without_cpd": 1.3658536585365855, "position_counter_without_cpd": {"1": 37, "0": 27, "2": 9, "6": 2, "7": 2, "3": 1, "4": 1, "10": 1, "5": 1, "9": 1}}