{"precision": 95.65254501997482, "recall": 94.84559048111475, "f1score": 95.22981573239856, "perfect_match_with_cpd": 96.37681159420289, "position_with_cpd": 3.9884057971014495, "position_counter_with_cpd": {"1": 338, "2": 110, "3": 57, "4": 39, "0": 25, "5": 17, "7": 11, "6": 10, "8": 10, "10": 6, "9": 6, "11": 6, "12": 5, "13": 4, "14": 4, "19": 4, "21": 4, "23": 3, "16": 3, "32": 2, "57": 2, "31": 2, "30": 2, "17": 2, "18": 2, "15": 2, "22": 2, "63": 2, "38": 1, "33": 1, "64": 1, "28": 1, "27": 1, "46": 1, "35": 1, "29": 1, "20": 1, "50": 1}, "perfect_match_without_cpd": 96.81159420289856, "position_without_cpd": 3.234782608695652, "position_counter_without_cpd": {"1": 415, "2": 77, "3": 46, "4": 31, "0": 22, "5": 16, "7": 13, "8": 7, "9": 6, "6": 5, "11": 5, "13": 4, "16": 4, "12": 4, "21": 4, "23": 3, "19": 3, "18": 3, "15": 3, "10": 2, "57": 2, "17": 2, "22": 2, "14": 2, "38": 1, "33": 1, "64": 1, "31": 1, "27": 1, "46": 1, "29": 1, "20": 1, "34": 1}}