{"precision": 91.55994653812692, "recall": 92.83864751423131, "f1score": 92.12157259647607, "perfect_match_with_cpd": 19.765494137353436, "position_with_cpd": 0.6767169179229481, "position_counter_with_cpd": {"0": 479, "1": 65, "2": 25, "4": 9, "3": 4, "6": 3, "5": 2, "9": 2, "16": 2, "8": 2, "30": 1, "99": 1, "11": 1, "7": 1}, "perfect_match_without_cpd": 81.23953098827471, "position_without_cpd": 1.321608040201005, "position_counter_without_cpd": {"1": 398, "0": 112, "2": 33, "3": 22, "4": 10, "9": 4, "7": 4, "5": 3, "17": 2, "8": 2, "6": 2, "25": 1, "15": 1, "16": 1, "10": 1, "12": 1}}