{"precision": 85.77870844314252, "recall": 88.40251068224264, "f1score": 86.8511407897569, "perfect_match_with_cpd": 27.78110862811359, "position_with_cpd": 0.487763667084537, "position_counter_with_cpd": {"0": 13250, "1": 3833, "2": 652, "3": 235, "4": 129, "5": 60, "6": 39, "7": 26, "8": 25, "9": 14, "10": 12, "11": 9, "12": 8, "13": 7, "19": 6, "14": 5, "15": 4, "18": 4, "17": 4, "16": 3, "25": 2, "45": 2, "21": 2, "32": 2, "43": 2, "24": 1, "29": 1, "33": 1, "49": 1, "42": 1, "22": 1, "34": 1, "46": 1, "26": 1, "31": 1, "20": 1, "23": 1}, "perfect_match_without_cpd": 54.968114678149014, "position_without_cpd": 0.6658309260369543, "position_counter_without_cpd": {"1": 9054, "0": 8262, "2": 681, "3": 180, "4": 59, "5": 33, "6": 21, "7": 13, "9": 11, "8": 6, "13": 5, "12": 3, "11": 2, "14": 2, "17": 2, "21": 2, "19": 2, "10": 2, "18": 1, "22": 1, "41": 1, "40": 1, "35": 1, "16": 1, "38": 1}}