{"precision": 97.12290677988219, "recall": 97.39247288373927, "f1score": 97.23620778989557, "perfect_match_with_cpd": 88.64628820960698, "position_with_cpd": 1.759825327510917, "position_counter_with_cpd": {"1": 153, "0": 26, "2": 18, "3": 10, "4": 9, "6": 4, "13": 2, "9": 2, "11": 2, "37": 1, "7": 1, "14": 1}, "perfect_match_without_cpd": 91.26637554585153, "position_without_cpd": 1.5807860262008733, "position_counter_without_cpd": {"1": 173, "0": 20, "2": 17, "3": 7, "4": 6, "6": 2, "37": 1, "13": 1, "34": 1, "14": 1}}