{"precision": 92.06842804493449, "recall": 92.1993347199588, "f1score": 92.07561723538167, "perfect_match_with_cpd": 63.41463414634146, "position_with_cpd": 1.475609756097561, "position_counter_with_cpd": {"1": 35, "0": 30, "2": 7, "3": 4, "6": 2, "14": 1, "9": 1, "7": 1, "18": 1}, "perfect_match_without_cpd": 67.07317073170732, "position_without_cpd": 1.6097560975609757, "position_counter_without_cpd": {"1": 40, "0": 27, "2": 5, "3": 3, "6": 2, "16": 1, "11": 1, "9": 1, "7": 1, "18": 1}}