{"precision": 93.10509006924448, "recall": 93.49157786657788, "f1score": 93.24682557600224, "perfect_match_with_cpd": 65.0, "position_with_cpd": 1.075, "position_counter_with_cpd": {"1": 36, "0": 28, "2": 9, "3": 3, "5": 2, "6": 1, "7": 1}, "perfect_match_without_cpd": 68.75, "position_without_cpd": 1.575, "position_counter_without_cpd": {"1": 42, "0": 25, "2": 6, "5": 2, "3": 2, "6": 1, "43": 1, "7": 1}}