{"precision": 93.18658909965687, "recall": 93.3268911117012, "f1score": 93.20926145705273, "perfect_match_with_cpd": 65.82278481012658, "position_with_cpd": 1.0506329113924051, "position_counter_with_cpd": {"1": 37, "0": 27, "2": 9, "4": 3, "3": 1, "8": 1, "5": 1}, "perfect_match_without_cpd": 69.62025316455697, "position_without_cpd": 1.5949367088607596, "position_counter_without_cpd": {"1": 43, "0": 24, "2": 6, "4": 3, "8": 1, "46": 1, "5": 1}}