{"precision": 97.7935429972072, "recall": 97.24929163649804, "f1score": 97.50602571210608, "perfect_match_with_cpd": 97.09302325581395, "position_with_cpd": 2.193313953488372, "position_counter_with_cpd": {"1": 434, "2": 101, "3": 50, "0": 20, "4": 20, "5": 17, "6": 10, "7": 6, "13": 5, "11": 4, "9": 4, "10": 4, "8": 3, "12": 2, "17": 2, "84": 1, "23": 1, "21": 1, "15": 1, "30": 1, "16": 1}, "perfect_match_without_cpd": 97.52906976744185, "position_without_cpd": 1.6627906976744187, "position_counter_without_cpd": {"1": 514, "2": 64, "3": 36, "0": 17, "5": 16, "4": 16, "9": 6, "6": 5, "7": 4, "11": 4, "8": 1, "30": 1, "13": 1, "10": 1, "17": 1, "16": 1}}