{"precision": 96.27993137899512, "recall": 95.55456976819198, "f1score": 95.88743585855379, "perfect_match_with_cpd": 42.82679077296641, "position_with_cpd": 0.81657223796034, "position_counter_with_cpd": {"0": 5651, "1": 2854, "2": 825, "3": 184, "4": 143, "5": 45, "7": 34, "6": 31, "8": 22, "10": 17, "9": 15, "11": 10, "20": 6, "13": 6, "12": 5, "18": 5, "19": 4, "16": 4, "14": 3, "17": 3, "25": 2, "15": 2, "23": 2, "22": 2, "32": 1, "51": 1, "55": 1, "29": 1, "77": 1, "26": 1, "81": 1, "36": 1, "65": 1}, "perfect_match_without_cpd": 91.33953864832051, "position_without_cpd": 1.3288142452448402, "position_counter_without_cpd": {"1": 7530, "0": 856, "2": 843, "3": 269, "4": 145, "5": 63, "6": 36, "7": 35, "9": 21, "8": 15, "10": 11, "11": 9, "13": 8, "19": 5, "12": 5, "17": 4, "14": 3, "16": 3, "29": 2, "15": 2, "26": 2, "18": 2, "21": 2, "62": 1, "35": 1, "63": 1, "28": 1, "25": 1, "97": 1, "33": 1, "24": 1, "20": 1, "96": 1, "57": 1, "23": 1, "39": 1}}