{"precision": 97.0728204033766, "recall": 97.34414602864385, "f1score": 97.1860019056662, "perfect_match_with_cpd": 88.64628820960698, "position_with_cpd": 1.7685589519650655, "position_counter_with_cpd": {"1": 150, "0": 26, "2": 24, "3": 8, "4": 6, "6": 4, "13": 2, "9": 2, "5": 2, "7": 2, "38": 1, "11": 1, "18": 1}, "perfect_match_without_cpd": 91.26637554585153, "position_without_cpd": 1.5720524017467248, "position_counter_without_cpd": {"1": 171, "0": 20, "2": 20, "3": 6, "4": 4, "6": 2, "5": 2, "38": 1, "13": 1, "24": 1, "18": 1}}