{"precision": 97.74487554219013, "recall": 97.84779418507041, "f1score": 97.7782882191092, "perfect_match_with_cpd": 88.69565217391305, "position_with_cpd": 1.5, "position_counter_with_cpd": {"1": 166, "0": 26, "3": 13, "2": 12, "9": 4, "4": 4, "33": 1, "13": 1, "6": 1, "7": 1, "5": 1}, "perfect_match_without_cpd": 91.30434782608695, "position_without_cpd": 1.4652173913043478, "position_counter_without_cpd": {"1": 185, "0": 20, "3": 9, "2": 8, "33": 1, "13": 1, "9": 1, "32": 1, "6": 1, "7": 1, "5": 1, "4": 1}}