{"precision": 91.83295113575932, "recall": 93.38272608209442, "f1score": 92.52124665323653, "perfect_match_with_cpd": 19.630872483221477, "position_with_cpd": 0.5167785234899329, "position_counter_with_cpd": {"0": 479, "1": 70, "2": 19, "3": 6, "5": 5, "4": 4, "6": 4, "7": 3, "41": 1, "12": 1, "11": 1, "14": 1, "10": 1, "8": 1}, "perfect_match_without_cpd": 81.04026845637584, "position_without_cpd": 1.0352348993288591, "position_counter_without_cpd": {"1": 407, "0": 113, "2": 47, "3": 15, "4": 6, "5": 4, "6": 2, "8": 1, "7": 1}}