{"precision": 93.94347264869944, "recall": 95.18650612125099, "f1score": 94.48487020971805, "perfect_match_with_cpd": 41.397590361445786, "position_with_cpd": 0.6467469879518072, "position_counter_with_cpd": {"0": 2432, "1": 1350, "2": 221, "3": 58, "4": 37, "5": 14, "6": 10, "8": 4, "9": 4, "7": 4, "11": 2, "36": 1, "22": 1, "14": 1, "25": 1, "10": 1, "19": 1, "23": 1, "27": 1, "21": 1, "42": 1, "16": 1, "34": 1, "20": 1, "13": 1}, "perfect_match_without_cpd": 83.54216867469879, "position_without_cpd": 0.943855421686747, "position_counter_without_cpd": {"1": 3228, "0": 683, "2": 165, "3": 32, "4": 16, "6": 8, "5": 8, "9": 3, "8": 3, "7": 2, "26": 1, "20": 1}}