{"precision": 91.74394130754881, "recall": 93.05886838771853, "f1score": 92.32339243175733, "perfect_match_with_cpd": 19.765494137353436, "position_with_cpd": 0.6834170854271356, "position_counter_with_cpd": {"0": 479, "1": 64, "2": 25, "4": 8, "3": 5, "6": 3, "5": 2, "8": 2, "7": 2, "35": 1, "82": 1, "14": 1, "11": 1, "18": 1, "20": 1, "9": 1}, "perfect_match_without_cpd": 81.23953098827471, "position_without_cpd": 1.3484087102177555, "position_counter_without_cpd": {"1": 403, "0": 112, "2": 33, "3": 18, "4": 9, "7": 6, "9": 3, "5": 3, "10": 2, "12": 2, "38": 1, "17": 1, "15": 1, "21": 1, "16": 1, "11": 1}}