{"precision": 85.9632316412792, "recall": 88.63657182765384, "f1score": 87.06031501699114, "perfect_match_with_cpd": 27.790469973890342, "position_with_cpd": 0.5036988685813751, "position_counter_with_cpd": {"0": 13275, "1": 3818, "2": 675, "3": 238, "4": 130, "5": 52, "6": 38, "7": 34, "8": 20, "9": 18, "12": 8, "11": 8, "10": 7, "16": 7, "14": 6, "13": 6, "19": 6, "18": 5, "17": 5, "23": 3, "15": 2, "27": 2, "35": 2, "32": 2, "20": 2, "34": 1, "62": 1, "48": 1, "21": 1, "22": 1, "28": 1, "52": 1, "53": 1, "41": 1, "33": 1, "42": 1, "49": 1, "26": 1, "76": 1, "79": 1}, "perfect_match_without_cpd": 54.93363794604004, "position_without_cpd": 0.6557876414273281, "position_counter_without_cpd": {"1": 9183, "0": 8285, "2": 585, "3": 165, "4": 59, "5": 32, "6": 20, "7": 14, "9": 9, "8": 5, "11": 5, "13": 4, "18": 2, "19": 2, "12": 2, "20": 2, "14": 2, "10": 2, "38": 1, "24": 1, "17": 1, "41": 1, "16": 1, "44": 1}}