{"precision": 91.93176404916956, "recall": 93.50670072788114, "f1score": 92.63247291107749, "perfect_match_with_cpd": 19.463087248322147, "position_with_cpd": 0.47651006711409394, "position_counter_with_cpd": {"0": 480, "1": 68, "2": 18, "3": 11, "7": 6, "4": 2, "8": 2, "12": 2, "6": 2, "5": 2, "9": 1, "11": 1, "15": 1}, "perfect_match_without_cpd": 81.04026845637584, "position_without_cpd": 1.058724832214765, "position_counter_without_cpd": {"1": 409, "0": 113, "2": 43, "3": 18, "7": 4, "5": 3, "4": 2, "8": 2, "9": 1, "6": 1}}