{"precision": 92.23734749190977, "recall": 93.80333144373935, "f1score": 92.93368817118167, "perfect_match_with_cpd": 19.765494137353436, "position_with_cpd": 0.695142378559464, "position_counter_with_cpd": {"0": 479, "1": 65, "2": 19, "3": 11, "7": 5, "4": 4, "5": 4, "10": 2, "6": 2, "58": 1, "71": 1, "11": 1, "15": 1, "12": 1, "9": 1}, "perfect_match_without_cpd": 81.07202680067002, "position_without_cpd": 1.053601340033501, "position_counter_without_cpd": {"1": 420, "0": 113, "2": 33, "3": 14, "5": 6, "7": 4, "4": 3, "8": 2, "9": 1, "6": 1}}