{"precision": 85.33524669938961, "recall": 87.96584068907829, "f1score": 86.40617184068499, "perfect_match_with_cpd": 27.790469973890342, "position_with_cpd": 0.5305700609225413, "position_counter_with_cpd": {"0": 13275, "1": 3691, "2": 734, "3": 271, "4": 128, "5": 71, "6": 43, "7": 32, "8": 25, "9": 18, "11": 11, "12": 9, "10": 7, "17": 6, "13": 6, "15": 5, "19": 5, "16": 4, "14": 4, "18": 4, "22": 3, "20": 3, "25": 3, "42": 2, "26": 2, "27": 2, "28": 2, "44": 2, "32": 2, "45": 1, "69": 1, "23": 1, "29": 1, "24": 1, "48": 1, "61": 1, "43": 1, "21": 1, "41": 1, "49": 1, "30": 1, "84": 1, "64": 1}, "perfect_match_without_cpd": 54.93363794604004, "position_without_cpd": 0.7014251523063534, "position_counter_without_cpd": {"1": 8863, "0": 8285, "2": 744, "3": 228, "4": 95, "5": 61, "6": 26, "7": 20, "8": 14, "9": 11, "10": 8, "19": 6, "12": 3, "11": 3, "15": 3, "14": 2, "17": 2, "27": 2, "33": 1, "26": 1, "31": 1, "16": 1, "22": 1, "29": 1, "47": 1, "40": 1}}