{"precision": 92.45086961102025, "recall": 92.93914080499445, "f1score": 92.63683292433919, "perfect_match_with_cpd": 63.41463414634146, "position_with_cpd": 1.0365853658536586, "position_counter_with_cpd": {"1": 36, "0": 30, "2": 10, "4": 2, "5": 1, "3": 1, "6": 1, "7": 1}, "perfect_match_without_cpd": 67.07317073170732, "position_without_cpd": 1.5609756097560976, "position_counter_without_cpd": {"1": 43, "0": 27, "2": 5, "4": 2, "5": 1, "46": 1, "3": 1, "6": 1, "7": 1}}