{"precision": 91.59321966890116, "recall": 91.7461453141152, "f1score": 91.61183455472481, "perfect_match_with_cpd": 64.63414634146342, "position_with_cpd": 2.6097560975609757, "position_counter_with_cpd": {"1": 32, "0": 29, "2": 10, "3": 3, "4": 1, "14": 1, "6": 1, "8": 1, "9": 1, "5": 1, "17": 1, "90": 1}, "perfect_match_without_cpd": 68.29268292682927, "position_without_cpd": 2.7804878048780486, "position_counter_without_cpd": {"1": 38, "0": 26, "2": 7, "3": 2, "4": 1, "20": 1, "11": 1, "6": 1, "8": 1, "9": 1, "5": 1, "17": 1, "90": 1}}