{"precision": 92.13763657561594, "recall": 93.70608595704664, "f1score": 92.83628688622497, "perfect_match_with_cpd": 19.765494137353436, "position_with_cpd": 0.6482412060301508, "position_counter_with_cpd": {"0": 479, "1": 67, "2": 17, "3": 11, "4": 4, "6": 4, "7": 3, "5": 3, "10": 2, "11": 2, "54": 1, "48": 1, "16": 1, "8": 1, "9": 1}, "perfect_match_without_cpd": 81.07202680067002, "position_without_cpd": 1.016750418760469, "position_counter_without_cpd": {"1": 424, "0": 113, "2": 32, "3": 12, "4": 7, "5": 4, "8": 2, "6": 2, "7": 1}}