{"precision": 95.09220108875303, "recall": 94.1980819951607, "f1score": 94.62473273900785, "perfect_match_with_cpd": 96.36098981077147, "position_with_cpd": 4.72197962154294, "position_counter_with_cpd": {"1": 317, "2": 108, "3": 43, "4": 40, "0": 25, "5": 21, "7": 15, "6": 13, "9": 11, "8": 11, "12": 10, "10": 10, "14": 6, "13": 5, "16": 5, "11": 4, "34": 4, "25": 4, "29": 4, "15": 4, "21": 2, "20": 2, "53": 2, "24": 2, "36": 2, "39": 1, "26": 1, "65": 1, "23": 1, "46": 1, "19": 1, "27": 1, "42": 1, "79": 1, "40": 1, "33": 1, "28": 1, "83": 1, "17": 1, "69": 1, "30": 1, "68": 1}, "perfect_match_without_cpd": 96.79767103347889, "position_without_cpd": 3.816593886462882, "position_counter_without_cpd": {"1": 388, "2": 74, "3": 43, "4": 31, "5": 23, "0": 22, "7": 15, "8": 11, "6": 11, "9": 9, "12": 9, "16": 7, "13": 4, "25": 4, "21": 3, "10": 3, "34": 3, "14": 3, "15": 3, "17": 2, "29": 2, "39": 1, "26": 1, "11": 1, "65": 1, "23": 1, "20": 1, "19": 1, "27": 1, "42": 1, "18": 1, "24": 1, "53": 1, "83": 1, "69": 1, "30": 1, "33": 1, "50": 1}}