{"precision": 92.21341832225197, "recall": 93.77641112787433, "f1score": 92.90836313329382, "perfect_match_with_cpd": 19.765494137353436, "position_with_cpd": 0.7068676716917923, "position_counter_with_cpd": {"0": 479, "1": 65, "2": 19, "3": 11, "4": 4, "7": 4, "6": 3, "5": 3, "59": 1, "71": 1, "10": 1, "11": 1, "15": 1, "14": 1, "12": 1, "8": 1, "9": 1}, "perfect_match_without_cpd": 81.07202680067002, "position_without_cpd": 1.0452261306532664, "position_counter_without_cpd": {"1": 420, "0": 113, "2": 32, "3": 17, "4": 5, "8": 3, "5": 3, "7": 2, "10": 1, "6": 1}}