{"precision": 96.70579839982551, "recall": 97.13843721492094, "f1score": 96.89851931002315, "perfect_match_with_cpd": 88.39285714285714, "position_with_cpd": 1.7232142857142858, "position_counter_with_cpd": {"1": 139, "2": 29, "0": 26, "3": 9, "6": 4, "5": 4, "4": 3, "9": 3, "7": 2, "10": 1, "18": 1, "12": 1, "11": 1, "14": 1}, "perfect_match_without_cpd": 91.07142857142857, "position_without_cpd": 1.3214285714285714, "position_counter_without_cpd": {"1": 164, "2": 24, "0": 20, "3": 7, "6": 3, "4": 2, "5": 2, "13": 1, "14": 1}}