{"precision": 84.60531122862912, "recall": 86.94396197358908, "f1score": 85.53990472796622, "perfect_match_with_cpd": 27.782008049602958, "position_with_cpd": 0.5560752746655063, "position_counter_with_cpd": {"0": 13278, "1": 3433, "2": 1007, "3": 207, "4": 184, "5": 54, "6": 41, "7": 29, "8": 25, "10": 20, "11": 16, "9": 13, "15": 9, "14": 7, "16": 7, "12": 6, "13": 5, "18": 4, "19": 4, "26": 3, "23": 3, "30": 2, "17": 2, "27": 2, "40": 2, "20": 2, "32": 2, "24": 2, "84": 1, "34": 1, "68": 1, "48": 1, "61": 1, "54": 1, "46": 1, "88": 1, "29": 1, "25": 1, "49": 1, "47": 1, "43": 1, "22": 1, "56": 1, "60": 1, "37": 1}, "perfect_match_without_cpd": 54.91678450995322, "position_without_cpd": 0.8179593168715327, "position_counter_without_cpd": {"1": 8362, "0": 8289, "2": 951, "3": 301, "4": 152, "5": 91, "6": 50, "7": 40, "8": 32, "9": 18, "10": 18, "11": 13, "15": 11, "12": 8, "14": 7, "13": 7, "16": 5, "18": 4, "19": 2, "17": 2, "23": 2, "20": 2, "21": 2, "25": 2, "22": 2, "31": 1, "72": 1, "67": 1, "63": 1, "30": 1, "28": 1, "45": 1, "56": 1, "46": 1, "24": 1, "34": 1, "70": 1, "26": 1}}