{"precision": 95.68019487616675, "recall": 95.69450544482515, "f1score": 95.66891653837129, "perfect_match_with_cpd": 88.26086956521739, "position_with_cpd": 3.034782608695652, "position_counter_with_cpd": {"1": 119, "2": 28, "0": 27, "3": 19, "5": 9, "4": 6, "7": 5, "8": 3, "9": 2, "43": 1, "6": 1, "23": 1, "11": 1, "12": 1, "10": 1, "18": 1, "58": 1, "94": 1, "13": 1, "15": 1, "17": 1}, "perfect_match_without_cpd": 90.8695652173913, "position_without_cpd": 3.008695652173913, "position_counter_without_cpd": {"1": 141, "0": 21, "2": 20, "3": 14, "5": 7, "4": 5, "7": 4, "8": 3, "9": 2, "10": 2, "43": 1, "6": 1, "23": 1, "11": 1, "12": 1, "18": 1, "58": 1, "94": 1, "15": 1, "27": 1, "17": 1}}