{"precision": 93.85654447562382, "recall": 95.06951611771795, "f1score": 94.38382075251613, "perfect_match_with_cpd": 41.39344262295082, "position_with_cpd": 0.6388621022179364, "position_counter_with_cpd": {"0": 2431, "1": 1346, "2": 215, "3": 59, "4": 49, "5": 14, "6": 8, "7": 5, "12": 3, "8": 3, "16": 3, "11": 2, "10": 2, "35": 1, "21": 1, "22": 1, "20": 1, "9": 1, "38": 1, "13": 1, "40": 1}, "perfect_match_without_cpd": 83.55834136933463, "position_without_cpd": 0.9488910318225651, "position_counter_without_cpd": {"1": 3204, "0": 682, "2": 185, "3": 42, "5": 15, "4": 9, "7": 4, "6": 2, "9": 1, "24": 1, "11": 1, "25": 1, "16": 1}}