{"precision": 85.72949244068678, "recall": 88.34499435783503, "f1score": 86.79777403080054, "perfect_match_with_cpd": 27.77959450621321, "position_with_cpd": 0.4846849792892958, "position_counter_with_cpd": {"0": 13251, "1": 3811, "2": 667, "3": 249, "4": 128, "5": 59, "6": 34, "8": 29, "7": 27, "10": 14, "9": 11, "11": 11, "12": 6, "13": 6, "15": 5, "14": 5, "17": 4, "18": 4, "16": 3, "43": 3, "21": 2, "25": 2, "28": 2, "32": 2, "23": 2, "19": 2, "38": 1, "24": 1, "31": 1, "45": 1, "29": 1, "37": 1, "42": 1, "33": 1, "22": 1}, "perfect_match_without_cpd": 54.95966862873338, "position_without_cpd": 0.6715718334423371, "position_counter_without_cpd": {"1": 8992, "0": 8264, "2": 716, "3": 186, "4": 77, "5": 38, "6": 18, "7": 13, "8": 9, "9": 5, "13": 4, "12": 4, "11": 4, "10": 3, "14": 2, "20": 2, "21": 2, "18": 2, "17": 1, "22": 1, "41": 1, "40": 1, "35": 1, "15": 1, "36": 1}}