{"precision": 98.15989684588769, "recall": 97.65801643726275, "f1score": 97.89467779937749, "perfect_match_with_cpd": 97.23435225618631, "position_with_cpd": 2.036390101892285, "position_counter_with_cpd": {"1": 462, "2": 103, "3": 30, "0": 19, "4": 19, "5": 15, "6": 9, "9": 6, "8": 4, "15": 3, "7": 3, "10": 3, "13": 2, "16": 2, "30": 1, "72": 1, "25": 1, "12": 1, "19": 1, "20": 1, "18": 1}, "perfect_match_without_cpd": 97.67103347889375, "position_without_cpd": 1.5676855895196506, "position_counter_without_cpd": {"1": 543, "2": 60, "3": 18, "4": 16, "0": 16, "5": 13, "9": 4, "6": 4, "7": 3, "10": 3, "8": 2, "15": 1, "30": 1, "16": 1, "25": 1, "18": 1}}