{"precision": 92.19937314001159, "recall": 92.83751478873428, "f1score": 92.45745049012076, "perfect_match_with_cpd": 63.41463414634146, "position_with_cpd": 1.0365853658536586, "position_counter_with_cpd": {"1": 37, "0": 30, "2": 8, "4": 3, "5": 2, "7": 1, "3": 1}, "perfect_match_without_cpd": 67.07317073170732, "position_without_cpd": 1.524390243902439, "position_counter_without_cpd": {"1": 42, "0": 27, "2": 5, "4": 3, "5": 2, "41": 1, "7": 1, "3": 1}}