{"precision": 92.05827149625087, "recall": 93.60478580549521, "f1score": 92.74695131950247, "perfect_match_with_cpd": 19.765494137353436, "position_with_cpd": 0.5896147403685092, "position_counter_with_cpd": {"0": 479, "1": 68, "2": 17, "3": 9, "4": 5, "5": 5, "6": 4, "7": 3, "10": 2, "42": 1, "37": 1, "11": 1, "15": 1, "8": 1}, "perfect_match_without_cpd": 81.07202680067002, "position_without_cpd": 1.035175879396985, "position_counter_without_cpd": {"1": 418, "0": 113, "2": 34, "3": 15, "4": 7, "5": 5, "6": 2, "7": 2, "8": 1}}