{"precision": 98.13734257704421, "recall": 97.63578570380645, "f1score": 97.87191503391769, "perfect_match_with_cpd": 97.10144927536231, "position_with_cpd": 2.088405797101449, "position_counter_with_cpd": {"1": 458, "2": 101, "3": 34, "4": 21, "0": 20, "5": 13, "7": 9, "6": 6, "9": 6, "11": 3, "8": 3, "15": 2, "10": 2, "32": 1, "58": 1, "16": 1, "23": 1, "21": 1, "14": 1, "25": 1, "13": 1, "12": 1, "17": 1, "20": 1, "19": 1}, "perfect_match_without_cpd": 97.53623188405797, "position_without_cpd": 1.6057971014492753, "position_counter_without_cpd": {"1": 543, "2": 54, "3": 24, "4": 17, "0": 17, "5": 10, "7": 8, "9": 5, "8": 3, "6": 2, "15": 1, "32": 1, "16": 1, "25": 1, "13": 1, "10": 1, "19": 1}}