{"precision": 97.47562065722369, "recall": 96.9533641579295, "f1score": 97.18818325006768, "perfect_match_with_cpd": 42.784861364096336, "position_with_cpd": 0.7657356810362275, "position_counter_with_cpd": {"0": 5654, "1": 3048, "2": 643, "3": 198, "4": 130, "5": 52, "6": 34, "7": 25, "8": 23, "10": 16, "9": 10, "13": 6, "12": 6, "20": 5, "11": 4, "14": 4, "19": 3, "17": 2, "21": 2, "30": 2, "35": 2, "16": 2, "106": 1, "33": 1, "22": 1, "43": 1, "18": 1, "25": 1, "50": 1, "34": 1, "28": 1, "15": 1, "27": 1}, "perfect_match_without_cpd": 91.337785873305, "position_without_cpd": 1.0717466099979762, "position_counter_without_cpd": {"1": 8119, "0": 856, "2": 662, "3": 124, "4": 50, "5": 23, "6": 10, "8": 9, "7": 7, "12": 4, "10": 4, "9": 3, "13": 3, "18": 2, "14": 2, "17": 1, "15": 1, "11": 1, "19": 1}}