{"precision": 97.35483758663918, "recall": 96.68832502896953, "f1score": 97.00445274534022, "perfect_match_with_cpd": 96.40179910044976, "position_with_cpd": 2.5517241379310347, "position_counter_with_cpd": {"1": 394, "2": 100, "3": 45, "0": 24, "4": 19, "5": 18, "7": 11, "6": 11, "9": 7, "8": 5, "10": 5, "14": 4, "11": 4, "17": 3, "16": 3, "19": 2, "20": 2, "15": 2, "12": 2, "42": 1, "28": 1, "29": 1, "26": 1, "18": 1, "37": 1}, "perfect_match_without_cpd": 97.4512743628186, "position_without_cpd": 1.9925037481259371, "position_counter_without_cpd": {"1": 476, "2": 63, "3": 33, "5": 17, "0": 17, "4": 16, "7": 8, "6": 8, "9": 7, "8": 4, "14": 3, "10": 3, "16": 2, "20": 2, "12": 2, "11": 1, "19": 1, "17": 1, "15": 1, "37": 1, "13": 1}}