{"precision": 91.82606609077197, "recall": 92.05586269700329, "f1score": 91.88074211775, "perfect_match_with_cpd": 63.41463414634146, "position_with_cpd": 1.2804878048780488, "position_counter_with_cpd": {"1": 36, "0": 30, "2": 7, "3": 2, "4": 2, "7": 2, "13": 1, "5": 1, "9": 1}, "perfect_match_without_cpd": 67.07317073170732, "position_without_cpd": 1.353658536585366, "position_counter_without_cpd": {"1": 38, "0": 27, "2": 7, "7": 3, "3": 2, "4": 2, "10": 1, "5": 1, "9": 1}}