{"precision": 85.13554466592785, "recall": 87.6190765043548, "f1score": 86.13768036425228, "perfect_match_with_cpd": 27.812295618051014, "position_with_cpd": 0.5118269021146719, "position_counter_with_cpd": {"0": 13245, "1": 3624, "2": 806, "3": 251, "4": 144, "5": 67, "6": 54, "8": 28, "7": 27, "9": 17, "11": 12, "12": 9, "10": 9, "18": 7, "13": 6, "15": 4, "19": 4, "26": 3, "16": 3, "29": 3, "17": 3, "14": 2, "24": 2, "30": 2, "27": 2, "36": 1, "34": 1, "23": 1, "28": 1, "41": 1, "42": 1, "37": 1, "43": 1, "38": 1, "22": 1, "47": 1, "31": 1, "35": 1, "20": 1}, "perfect_match_without_cpd": 55.008720296490075, "position_without_cpd": 0.7255831698277742, "position_counter_without_cpd": {"1": 8689, "0": 8255, "2": 877, "3": 256, "4": 99, "5": 49, "6": 37, "7": 20, "8": 13, "9": 8, "12": 6, "10": 5, "13": 5, "14": 3, "18": 3, "19": 2, "23": 2, "37": 2, "15": 2, "11": 2, "36": 2, "22": 2, "35": 1, "33": 1, "29": 1, "24": 1, "54": 1, "47": 1, "31": 1, "44": 1, "17": 1}}