{"precision": 95.31961208897371, "recall": 94.44328870511829, "f1score": 94.86092521964629, "perfect_match_with_cpd": 96.51162790697676, "position_with_cpd": 4.191860465116279, "position_counter_with_cpd": {"1": 332, "2": 101, "3": 48, "4": 40, "5": 24, "0": 24, "6": 16, "7": 16, "10": 8, "8": 8, "13": 6, "11": 6, "12": 6, "9": 5, "14": 4, "23": 3, "24": 3, "25": 3, "26": 3, "16": 3, "29": 3, "20": 2, "36": 2, "22": 2, "18": 2, "17": 2, "21": 2, "39": 1, "32": 1, "34": 1, "53": 1, "62": 1, "28": 1, "30": 1, "52": 1, "75": 1, "15": 1, "50": 1, "19": 1, "44": 1, "27": 1}, "perfect_match_without_cpd": 96.94767441860465, "position_without_cpd": 3.5218023255813953, "position_counter_without_cpd": {"1": 399, "2": 77, "3": 47, "4": 27, "0": 21, "5": 16, "6": 15, "7": 14, "8": 9, "9": 6, "11": 5, "13": 4, "25": 4, "16": 4, "10": 3, "23": 3, "14": 3, "12": 3, "24": 3, "26": 3, "22": 3, "17": 3, "19": 2, "18": 2, "15": 2, "21": 2, "39": 1, "32": 1, "53": 1, "52": 1, "75": 1, "29": 1, "50": 1, "36": 1}}