{"precision": 97.42786157098186, "recall": 96.91032779868421, "f1score": 97.1428849397274, "perfect_match_with_cpd": 42.816673411574264, "position_with_cpd": 0.7865236746256576, "position_counter_with_cpd": {"0": 5652, "1": 3035, "2": 642, "3": 202, "4": 131, "6": 47, "5": 47, "7": 27, "8": 17, "9": 13, "10": 13, "12": 11, "11": 7, "20": 5, "17": 3, "13": 3, "15": 3, "16": 3, "34": 3, "22": 2, "50": 2, "14": 2, "25": 2, "19": 2, "31": 1, "55": 1, "30": 1, "33": 1, "49": 1, "18": 1, "23": 1, "29": 1, "93": 1, "21": 1}, "perfect_match_without_cpd": 91.33953864832051, "position_without_cpd": 1.0968231485228652, "position_counter_without_cpd": {"1": 8094, "0": 856, "2": 647, "3": 136, "4": 67, "5": 30, "6": 12, "7": 10, "8": 7, "9": 5, "10": 5, "15": 3, "13": 2, "11": 2, "29": 1, "97": 1, "16": 1, "20": 1, "25": 1, "14": 1, "18": 1, "22": 1}}