{"precision": 84.49960120523488, "recall": 86.80368406276348, "f1score": 85.41638338299128, "perfect_match_with_cpd": 27.790469973890342, "position_with_cpd": 0.5699521322889469, "position_counter_with_cpd": {"0": 13275, "1": 3451, "2": 975, "3": 215, "4": 178, "5": 59, "6": 46, "7": 30, "8": 25, "9": 20, "10": 20, "11": 11, "17": 7, "14": 7, "12": 7, "15": 6, "16": 4, "33": 4, "22": 4, "23": 4, "20": 4, "28": 3, "13": 3, "21": 2, "29": 2, "78": 2, "24": 2, "68": 1, "77": 1, "34": 1, "80": 1, "57": 1, "48": 1, "45": 1, "61": 1, "91": 1, "25": 1, "56": 1, "40": 1, "46": 1, "36": 1, "32": 1, "75": 1, "63": 1, "30": 1}, "perfect_match_without_cpd": 54.92819843342036, "position_without_cpd": 0.8753807658833769, "position_counter_without_cpd": {"1": 8293, "0": 8286, "2": 925, "3": 334, "4": 158, "5": 107, "6": 57, "7": 43, "8": 36, "9": 24, "10": 18, "11": 15, "13": 12, "14": 9, "15": 8, "12": 7, "18": 5, "20": 5, "19": 4, "22": 3, "27": 2, "23": 2, "16": 2, "42": 2, "30": 2, "24": 2, "26": 2, "25": 2, "21": 2, "73": 1, "67": 1, "68": 1, "32": 1, "59": 1, "44": 1, "28": 1, "74": 1, "61": 1, "78": 1, "65": 1, "17": 1, "84": 1, "90": 1, "89": 1, "29": 1, "45": 1}}