{"precision": 85.23522203541283, "recall": 87.79949017019875, "f1score": 86.27544383569304, "perfect_match_with_cpd": 27.823107049608353, "position_with_cpd": 0.5356288076588338, "position_counter_with_cpd": {"0": 13269, "1": 3612, "2": 812, "3": 244, "4": 148, "5": 79, "6": 50, "7": 33, "8": 31, "9": 14, "11": 9, "17": 7, "12": 7, "10": 7, "13": 6, "18": 6, "15": 5, "20": 5, "14": 4, "19": 4, "32": 3, "23": 3, "28": 2, "16": 2, "29": 2, "21": 2, "27": 2, "46": 2, "37": 1, "30": 1, "25": 1, "65": 1, "26": 1, "42": 1, "38": 1, "73": 1, "44": 1, "40": 1, "36": 1, "83": 1, "60": 1, "24": 1}, "perfect_match_without_cpd": 54.9934725848564, "position_without_cpd": 0.7279699738903395, "position_counter_without_cpd": {"1": 8775, "0": 8274, "2": 804, "3": 238, "4": 94, "5": 63, "6": 37, "7": 28, "8": 14, "9": 13, "10": 7, "14": 6, "11": 3, "15": 3, "12": 2, "18": 2, "33": 2, "22": 2, "17": 2, "46": 1, "28": 1, "32": 1, "27": 1, "57": 1, "31": 1, "40": 1, "43": 1, "20": 1, "26": 1, "47": 1, "21": 1, "13": 1, "19": 1, "62": 1}}