{"precision": 84.4598998190716, "recall": 86.747835396264, "f1score": 85.36913291245207, "perfect_match_with_cpd": 27.817667536988687, "position_with_cpd": 0.5764251523063534, "position_counter_with_cpd": {"0": 13270, "1": 3415, "2": 993, "3": 216, "4": 189, "5": 64, "6": 49, "9": 27, "8": 27, "7": 24, "10": 19, "11": 10, "12": 7, "13": 7, "14": 6, "15": 5, "16": 4, "23": 4, "22": 4, "19": 4, "20": 4, "27": 3, "17": 3, "24": 2, "35": 2, "18": 2, "32": 2, "30": 2, "69": 2, "99": 1, "77": 1, "80": 1, "52": 1, "46": 1, "65": 1, "36": 1, "29": 1, "43": 1, "56": 1, "95": 1, "31": 1, "44": 1, "34": 1, "37": 1, "21": 1, "60": 1, "64": 1}, "perfect_match_without_cpd": 54.97715404699739, "position_without_cpd": 0.8766318537859008, "position_counter_without_cpd": {"0": 8277, "1": 8258, "2": 953, "3": 331, "4": 180, "5": 107, "6": 50, "7": 40, "8": 37, "9": 31, "10": 16, "13": 14, "12": 13, "11": 12, "19": 8, "20": 6, "15": 5, "17": 4, "16": 4, "14": 4, "24": 4, "29": 3, "21": 3, "18": 2, "25": 1, "75": 1, "52": 1, "68": 1, "22": 1, "37": 1, "59": 1, "57": 1, "30": 1, "36": 1, "84": 1, "56": 1, "69": 1, "40": 1, "26": 1, "27": 1, "83": 1, "97": 1, "31": 1, "47": 1, "58": 1, "23": 1}}