{"precision": 91.56832201313249, "recall": 92.32413589120907, "f1score": 91.8873794139521, "perfect_match_with_cpd": 63.41463414634146, "position_with_cpd": 1.048780487804878, "position_counter_with_cpd": {"1": 35, "0": 30, "2": 9, "4": 4, "3": 2, "5": 1, "6": 1}, "perfect_match_without_cpd": 67.07317073170732, "position_without_cpd": 1.1097560975609757, "position_counter_without_cpd": {"1": 40, "0": 27, "2": 7, "4": 4, "5": 1, "7": 1, "6": 1, "3": 1}}