{"precision": 92.14245316653194, "recall": 92.8395249736713, "f1score": 92.43334641303096, "perfect_match_with_cpd": 63.41463414634146, "position_with_cpd": 0.926829268292683, "position_counter_with_cpd": {"1": 39, "0": 30, "2": 6, "4": 4, "3": 3}, "perfect_match_without_cpd": 67.07317073170732, "position_without_cpd": 1.0, "position_counter_without_cpd": {"1": 42, "0": 27, "2": 6, "4": 4, "3": 2, "6": 1}}