{"precision": 84.66083969632217, "recall": 86.99298569018741, "f1score": 85.59216224699722, "perfect_match_with_cpd": 27.790469973890342, "position_with_cpd": 0.5630983463881636, "position_counter_with_cpd": {"0": 13275, "1": 3456, "2": 991, "3": 202, "4": 177, "5": 59, "6": 40, "7": 28, "8": 26, "9": 20, "11": 16, "10": 15, "16": 10, "12": 8, "20": 6, "15": 5, "13": 5, "24": 4, "17": 3, "19": 3, "32": 3, "18": 2, "28": 2, "21": 2, "59": 2, "14": 2, "82": 1, "88": 1, "34": 1, "74": 1, "51": 1, "26": 1, "49": 1, "79": 1, "57": 1, "31": 1, "33": 1, "92": 1, "23": 1, "29": 1, "25": 1, "53": 1, "27": 1, "43": 1, "39": 1, "42": 1, "22": 1, "60": 1}, "perfect_match_without_cpd": 54.91731940818103, "position_without_cpd": 0.8224543080939948, "position_counter_without_cpd": {"1": 8381, "0": 8288, "2": 935, "3": 282, "4": 154, "5": 102, "7": 49, "6": 44, "8": 32, "9": 17, "10": 17, "11": 13, "12": 9, "14": 8, "15": 7, "17": 6, "23": 5, "16": 4, "20": 4, "18": 4, "13": 3, "21": 2, "32": 2, "25": 2, "26": 2, "38": 1, "74": 1, "49": 1, "64": 1, "31": 1, "46": 1, "57": 1, "59": 1, "24": 1, "19": 1, "72": 1, "30": 1}}