{"precision": 96.94555444555445, "recall": 97.13691303497453, "f1score": 97.02298937756166, "perfect_match_with_cpd": 88.63636363636364, "position_with_cpd": 1.5863636363636364, "position_counter_with_cpd": {"1": 141, "2": 27, "0": 25, "3": 10, "4": 5, "7": 3, "9": 3, "11": 2, "6": 2, "8": 1, "14": 1}, "perfect_match_without_cpd": 91.36363636363637, "position_without_cpd": 1.35, "position_counter_without_cpd": {"1": 164, "0": 19, "2": 18, "3": 8, "4": 4, "7": 4, "6": 1, "9": 1, "14": 1}}