{"precision": 97.7486301325232, "recall": 97.17473996286515, "f1score": 97.44593818217633, "perfect_match_with_cpd": 96.6867469879518, "position_with_cpd": 2.125, "position_counter_with_cpd": {"1": 429, "2": 91, "3": 38, "4": 24, "0": 22, "5": 15, "9": 11, "7": 7, "6": 6, "13": 3, "10": 3, "11": 3, "17": 2, "22": 2, "14": 2, "15": 2, "46": 1, "12": 1, "27": 1, "8": 1}, "perfect_match_without_cpd": 97.43975903614458, "position_without_cpd": 1.7003012048192772, "position_counter_without_cpd": {"1": 495, "2": 63, "3": 25, "4": 23, "0": 17, "5": 14, "7": 7, "9": 4, "6": 4, "13": 3, "16": 2, "11": 2, "22": 1, "8": 1, "15": 1, "14": 1, "10": 1}}