{"precision": 91.90079762558568, "recall": 93.45323582961758, "f1score": 92.5909926724496, "perfect_match_with_cpd": 19.630872483221477, "position_with_cpd": 0.5604026845637584, "position_counter_with_cpd": {"0": 479, "1": 69, "2": 17, "3": 10, "6": 4, "5": 4, "7": 3, "4": 3, "10": 2, "55": 1, "14": 1, "11": 1, "15": 1, "9": 1}, "perfect_match_without_cpd": 81.04026845637584, "position_without_cpd": 1.0352348993288591, "position_counter_without_cpd": {"1": 412, "0": 113, "2": 44, "3": 13, "4": 4, "5": 4, "7": 4, "8": 1, "6": 1}}