{"precision": 95.5157322698422, "recall": 95.57675264199794, "f1score": 95.52614897411237, "perfect_match_with_cpd": 88.20960698689956, "position_with_cpd": 3.1703056768558953, "position_counter_with_cpd": {"1": 118, "0": 27, "3": 23, "2": 21, "5": 8, "4": 8, "7": 5, "11": 3, "6": 2, "9": 2, "10": 2, "13": 2, "14": 2, "8": 1, "68": 1, "57": 1, "84": 1, "15": 1, "21": 1}, "perfect_match_without_cpd": 90.82969432314411, "position_without_cpd": 2.908296943231441, "position_counter_without_cpd": {"1": 141, "0": 21, "3": 16, "2": 15, "5": 6, "4": 6, "7": 4, "11": 3, "6": 2, "9": 2, "10": 2, "13": 2, "21": 2, "14": 2, "8": 1, "22": 1, "57": 1, "84": 1, "15": 1}}