{"precision": 97.80460050079411, "recall": 97.98139298697335, "f1score": 97.87401795341921, "perfect_match_with_cpd": 88.39285714285714, "position_with_cpd": 1.3660714285714286, "position_counter_with_cpd": {"1": 158, "0": 26, "2": 19, "3": 9, "5": 4, "6": 2, "4": 2, "12": 1, "15": 1, "7": 1, "9": 1}, "perfect_match_without_cpd": 91.07142857142857, "position_without_cpd": 1.15625, "position_counter_without_cpd": {"1": 181, "0": 20, "2": 12, "3": 5, "5": 3, "7": 1, "13": 1, "4": 1}}