{"precision": 92.45357954094409, "recall": 93.02546065046066, "f1score": 92.6865415313432, "perfect_match_with_cpd": 65.0, "position_with_cpd": 1.0375, "position_counter_with_cpd": {"1": 38, "0": 28, "2": 9, "4": 3, "12": 1, "3": 1}, "perfect_match_without_cpd": 68.75, "position_without_cpd": 1.1, "position_counter_without_cpd": {"1": 41, "0": 25, "2": 9, "4": 2, "12": 1, "6": 1, "3": 1}}