{"precision": 91.62429545925977, "recall": 92.9591635141443, "f1score": 92.21295011025973, "perfect_match_with_cpd": 19.597989949748744, "position_with_cpd": 0.5393634840871022, "position_counter_with_cpd": {"0": 480, "1": 64, "2": 24, "4": 11, "3": 4, "6": 3, "7": 3, "11": 2, "33": 1, "18": 1, "20": 1, "9": 1, "8": 1, "5": 1}, "perfect_match_without_cpd": 81.23953098827471, "position_without_cpd": 1.3299832495812396, "position_counter_without_cpd": {"1": 401, "0": 112, "2": 37, "3": 17, "4": 7, "7": 7, "9": 3, "5": 2, "16": 2, "11": 2, "31": 1, "6": 1, "8": 1, "18": 1, "15": 1, "10": 1, "12": 1}}