{"precision": 98.07812955536819, "recall": 97.54409304785905, "f1score": 97.79624626904211, "perfect_match_with_cpd": 96.56203288490283, "position_with_cpd": 2.0343796711509716, "position_counter_with_cpd": {"1": 451, "2": 84, "3": 35, "0": 23, "4": 20, "5": 15, "6": 11, "10": 5, "7": 5, "9": 4, "17": 2, "15": 2, "11": 2, "14": 2, "21": 2, "24": 1, "45": 1, "18": 1, "13": 1, "8": 1, "31": 1}, "perfect_match_without_cpd": 97.30941704035875, "position_without_cpd": 1.6158445440956652, "position_counter_without_cpd": {"1": 521, "2": 54, "3": 24, "0": 18, "4": 17, "5": 11, "6": 6, "10": 4, "7": 4, "11": 2, "17": 1, "18": 1, "9": 1, "14": 1, "8": 1, "31": 1, "13": 1, "21": 1}}